Workbook

Sheet CLIENT 1
B2: Nom Client : | C2: {=RIGHT(CELL("nomfichier",A1),LEN(CELL("nomfichier",A1))-FIND("]",CELL("nomfichier",A1)))} -> #VALUE! | P2: QuickBook
B3: Entreprise : | C3: XXXXX
B4: Description : | C4: XXXXX
P6: Mise à jour : | S6: 45162
B9: Entrée de données | H9: Relevés Bancaires | P9: Rapprochement
B10: Mois | C10: Ventes | D10: Dépenses | E10: Courriel | F10: Status | H10: Mois | I10: Chèque | J10: Carte Crédit | K10: Marge Crédit | L10: Autre 1 | M10: Autres 2 | N10: Status | P10: Mois | Q10: Ventes | R10: Dépenses | S10: Courriel | T10: Status
B11: Janvier | C11: À faire | D11: À faire | F11: {=IF(AND(C11="Fait", D11="Fait"), "Complété", INDEX(BD!$G$4:$L$9, MATCH(C11, BD!$F$4:$F$9, 0), MATCH(D11, BD!$G$3:$L$3, 0) ))} -> 0 | H11: Janvier | I11: FALSE | J11: FALSE | K11: FALSE | L11: FALSE | M11: FALSE | N11: =IF(SUM(I11+ J11+ K11+ L11+ M11) * 20 = 100, "Complété", SUM(I11+ J11+ K11+ L11+ M11) * 20 /100) -> 0 | P11: Janvier | Q11: À faire | R11: À faire | T11: {=IF(AND(Q11="Fait", R11="Fait"), "Complété", INDEX(BD!$G$4:$L$9, MATCH(Q11, BD!$F$4:$F$9, 0), MATCH(R11, BD!$G$3:$L$3, 0) ))} -> 0
B12: Février | C12: À faire | D12: À faire | F12: {=IF(AND(C12="Fait", D12="Fait"), "Complété", INDEX(BD!$G$4:$L$9, MATCH(C12, BD!$F$4:$F$9, 0), MATCH(D12, BD!$G$3:$L$3, 0) ))} -> 0 | H12: Février | I12: FALSE | J12: FALSE | K12: FALSE | L12: FALSE | M12: FALSE | N12: =IF(SUM(I12+ J12+ K12+ L12+ M12) * 20 = 100, "Complété", SUM(I12+ J12+ K12+ L12+ M12) * 20 /100) -> 0 | P12: Février | Q12: À faire | R12: À faire | T12: {=IF(AND(Q12="Fait", R12="Fait"), "Complété", INDEX(BD!$G$4:$L$9, MATCH(Q12, BD!$F$4:$F$9, 0), MATCH(R12, BD!$G$3:$L$3, 0) ))} -> 0
B13: Mars | C13: À faire | D13: À faire | F13: {=IF(AND(C13="Fait", D13="Fait"), "Complété", INDEX(BD!$G$4:$L$9, MATCH(C13, BD!$F$4:$F$9, 0), MATCH(D13, BD!$G$3:$L$3, 0) ))} -> 0 | H13: Mars | I13: FALSE | J13: FALSE | K13: FALSE | L13: FALSE | M13: FALSE | N13: =IF(SUM(I13+ J13+ K13+ L13+ M13) * 20 = 100, "Complété", SUM(I13+ J13+ K13+ L13+ M13) * 20 /100) -> 0 | P13: Mars | Q13: À faire | R13: À faire | T13: {=IF(AND(Q13="Fait", R13="Fait"), "Complété", INDEX(BD!$G$4:$L$9, MATCH(Q13, BD!$F$4:$F$9, 0), MATCH(R13, BD!$G$3:$L$3, 0) ))} -> 0
B14: Avril | C14: À faire | D14: À faire | F14: {=IF(AND(C14="Fait", D14="Fait"), "Complété", INDEX(BD!$G$4:$L$9, MATCH(C14, BD!$F$4:$F$9, 0), MATCH(D14, BD!$G$3:$L$3, 0) ))} -> 0 | H14: Avril | I14: FALSE | J14: FALSE | K14: FALSE | L14: FALSE | M14: FALSE | N14: =IF(SUM(I14+ J14+ K14+ L14+ M14) * 20 = 100, "Complété", SUM(I14+ J14+ K14+ L14+ M14) * 20 /100) -> 0 | P14: Avril | Q14: À faire | R14: À faire | T14: {=IF(AND(Q14="Fait", R14="Fait"), "Complété", INDEX(BD!$G$4:$L$9, MATCH(Q14, BD!$F$4:$F$9, 0), MATCH(R14, BD!$G$3:$L$3, 0) ))} -> 0
B15: Mai | C15: À faire | D15: À faire | F15: {=IF(AND(C15="Fait", D15="Fait"), "Complété", INDEX(BD!$G$4:$L$9, MATCH(C15, BD!$F$4:$F$9, 0), MATCH(D15, BD!$G$3:$L$3, 0) ))} -> 0 | H15: Mai | I15: FALSE | J15: FALSE | K15: FALSE | L15: FALSE | M15: FALSE | N15: =IF(SUM(I15+ J15+ K15+ L15+ M15) * 20 = 100, "Complété", SUM(I15+ J15+ K15+ L15+ M15) * 20 /100) -> 0 | P15: Mai | Q15: À faire | R15: À faire | T15: {=IF(AND(Q15="Fait", R15="Fait"), "Complété", INDEX(BD!$G$4:$L$9, MATCH(Q15, BD!$F$4:$F$9, 0), MATCH(R15, BD!$G$3:$L$3, 0) ))} -> 0
B16: Juin | C16: À faire | D16: À faire | F16: {=IF(AND(C16="Fait", D16="Fait"), "Complété", INDEX(BD!$G$4:$L$9, MATCH(C16, BD!$F$4:$F$9, 0), MATCH(D16, BD!$G$3:$L$3, 0) ))} -> 0 | H16: Juin | I16: FALSE | J16: FALSE | K16: FALSE | L16: FALSE | M16: FALSE | N16: =IF(SUM(I16+ J16+ K16+ L16+ M16) * 20 = 100, "Complété", SUM(I16+ J16+ K16+ L16+ M16) * 20 /100) -> 0 | P16: Juin | Q16: À faire | R16: À faire | T16: {=IF(AND(Q16="Fait", R16="Fait"), "Complété", INDEX(BD!$G$4:$L$9, MATCH(Q16, BD!$F$4:$F$9, 0), MATCH(R16, BD!$G$3:$L$3, 0) ))} -> 0
B17: Juillet | C17: À faire | D17: À faire | F17: {=IF(AND(C17="Fait", D17="Fait"), "Complété", INDEX(BD!$G$4:$L$9, MATCH(C17, BD!$F$4:$F$9, 0), MATCH(D17, BD!$G$3:$L$3, 0) ))} -> 0 | H17: Juillet | I17: FALSE | J17: FALSE | K17: FALSE | L17: FALSE | M17: FALSE | N17: =IF(SUM(I17+ J17+ K17+ L17+ M17) * 20 = 100, "Complété", SUM(I17+ J17+ K17+ L17+ M17) * 20 /100) -> 0 | P17: Juillet | Q17: À faire | R17: À faire | T17: {=IF(AND(Q17="Fait", R17="Fait"), "Complété", INDEX(BD!$G$4:$L$9, MATCH(Q17, BD!$F$4:$F$9, 0), MATCH(R17, BD!$G$3:$L$3, 0) ))} -> 0
B18: Août | C18: À faire | D18: À faire | F18: {=IF(AND(C18="Fait", D18="Fait"), "Complété", INDEX(BD!$G$4:$L$9, MATCH(C18, BD!$F$4:$F$9, 0), MATCH(D18, BD!$G$3:$L$3, 0) ))} -> 0 | H18: Août | I18: FALSE | J18: FALSE | K18: FALSE | L18: FALSE | M18: FALSE | N18: =IF(SUM(I18+ J18+ K18+ L18+ M18) * 20 = 100, "Complété", SUM(I18+ J18+ K18+ L18+ M18) * 20 /100) -> 0 | P18: Août | Q18: À faire | R18: À faire | T18: {=IF(AND(Q18="Fait", R18="Fait"), "Complété", INDEX(BD!$G$4:$L$9, MATCH(Q18, BD!$F$4:$F$9, 0), MATCH(R18, BD!$G$3:$L$3, 0) ))} -> 0
B19: Septembre | C19: À faire | D19: À faire | F19: {=IF(AND(C19="Fait", D19="Fait"), "Complété", INDEX(BD!$G$4:$L$9, MATCH(C19, BD!$F$4:$F$9, 0), MATCH(D19, BD!$G$3:$L$3, 0) ))} -> 0 | H19: Septembre | I19: FALSE | J19: FALSE | K19: FALSE | L19: FALSE | M19: FALSE | N19: =IF(SUM(I19+ J19+ K19+ L19+ M19) * 20 = 100, "Complété", SUM(I19+ J19+ K19+ L19+ M19) * 20 /100) -> 0 | P19: Septembre | Q19: À faire | R19: À faire | T19: {=IF(AND(Q19="Fait", R19="Fait"), "Complété", INDEX(BD!$G$4:$L$9, MATCH(Q19, BD!$F$4:$F$9, 0), MATCH(R19, BD!$G$3:$L$3, 0) ))} -> 0
B20: Octobre | C20: À faire | D20: À faire | F20: {=IF(AND(C20="Fait", D20="Fait"), "Complété", INDEX(BD!$G$4:$L$9, MATCH(C20, BD!$F$4:$F$9, 0), MATCH(D20, BD!$G$3:$L$3, 0) ))} -> 0 | H20: Octobre | I20: FALSE | J20: FALSE | K20: FALSE | L20: FALSE | M20: FALSE | N20: =IF(SUM(I20+ J20+ K20+ L20+ M20) * 20 = 100, "Complété", SUM(I20+ J20+ K20+ L20+ M20) * 20 /100) -> 0 | P20: Octobre | Q20: À faire | R20: À faire | T20: {=IF(AND(Q20="Fait", R20="Fait"), "Complété", INDEX(BD!$G$4:$L$9, MATCH(Q20, BD!$F$4:$F$9, 0), MATCH(R20, BD!$G$3:$L$3, 0) ))} -> 0
B21: Novembre | C21: À faire | D21: À faire | F21: {=IF(AND(C21="Fait", D21="Fait"), "Complété", INDEX(BD!$G$4:$L$9, MATCH(C21, BD!$F$4:$F$9, 0), MATCH(D21, BD!$G$3:$L$3, 0) ))} -> 0 | H21: Novembre | I21: FALSE | J21: FALSE | K21: FALSE | L21: FALSE | M21: FALSE | N21: =IF(SUM(I21+ J21+ K21+ L21+ M21) * 20 = 100, "Complété", SUM(I21+ J21+ K21+ L21+ M21) * 20 /100) -> 0 | P21: Novembre | Q21: À faire | R21: À faire | T21: {=IF(AND(Q21="Fait", R21="Fait"), "Complété", INDEX(BD!$G$4:$L$9, MATCH(Q21, BD!$F$4:$F$9, 0), MATCH(R21, BD!$G$3:$L$3, 0) ))} -> 0
B22: Décembre | C22: À faire | D22: À faire | F22: {=IF(AND(C22="Fait", D22="Fait"), "Complété", INDEX(BD!$G$4:$L$9, MATCH(C22, BD!$F$4:$F$9, 0), MATCH(D22, BD!$G$3:$L$3, 0) ))} -> 0 | H22: Décembre | I22: FALSE | J22: FALSE | K22: FALSE | L22: FALSE | M22: FALSE | N22: =IF(SUM(I22+ J22+ K22+ L22+ M22) * 20 = 100, "Complété", SUM(I22+ J22+ K22+ L22+ M22) * 20 /100) -> 0 | P22: Décembre | Q22: À faire | R22: À faire | T22: {=IF(AND(Q22="Fait", R22="Fait"), "Complété", INDEX(BD!$G$4:$L$9, MATCH(Q22, BD!$F$4:$F$9, 0), MATCH(R22, BD!$G$3:$L$3, 0) ))} -> 0
B24: DAS | H24: Rapport TPS/TVQ
B25: Mois | C25: Données | D25: R-QC | E25: Courriel | F25: Status | H25: Mois | I25: Données | J25: Asana | K25: R-QC | L25: Client | M25: Status
B26: Janvier | C26: À faire | D26: À faire | E26: À faire | F26: {=IF(AND(C26="Fait",D26="Envoyé",E26="Envoyé"),"Complété",INDEX(BD!$P$17:P$22,MATCH(C26,BD!$O$17:$O$22,0))+IF(AND(C26="Fait",D26="Envoyé"),0.2,0))} -> 0 | H26: Trimestre 1 | I26: =IF(AND(F11="Complété", F12="Complété", F13="Complété", N11="Complété", N12="Complété", N13="Complété", T11="Complété", T12="Complété", T13="Complété"), "Prêt", "Pas prêt") -> Pas prêt | J26: À faire | K26: À faire | L26: À faire | M26: =IF((IF(I26="Prêt",1,0) + IF(J26="Envoyé",1,0) + IF(K26="Envoyé",1,0) + IF(L26="Envoyé",1,0)) = 4, "Complété", (IF(I26="Prêt",1,0) + IF(J26="Envoyé",1,0) + IF(K26="Envoyé",1,0) + IF(L26="Envoyé",1,0)) * 25/100) -> 0
B27: Février | C27: À faire | D27: À faire | E27: À faire | F27: {=IF(AND(C27="Fait",D27="Envoyé",E27="Envoyé"),"Complété",INDEX(BD!$P$17:P$22,MATCH(C27,BD!$O$17:$O$22,0))+IF(AND(C27="Fait",D27="Envoyé"),0.2,0))} -> 0 | H27: Trimestre 2 | I27: =IF(AND(F14="Complété", F15="Complété", F16="Complété", N14="Complété", N15="Complété", N16="Complété", T14="Complété", T15="Complété", T16="Complété"), "Prêt", "Pas prêt") -> Pas prêt | J27: À faire | K27: À faire | L27: À faire | M27: =IF((IF(I27="Prêt",1,0) + IF(J27="Envoyé",1,0) + IF(K27="Envoyé",1,0) + IF(L27="Envoyé",1,0)) = 4, "Complété", (IF(I27="Prêt",1,0) + IF(J27="Envoyé",1,0) + IF(K27="Envoyé",1,0) + IF(L27="Envoyé",1,0)) * 25/100) -> 0
B28: Mars | C28: À faire | D28: À faire | E28: À faire | F28: {=IF(AND(C28="Fait",D28="Envoyé",E28="Envoyé"),"Complété",INDEX(BD!$P$17:P$22,MATCH(C28,BD!$O$17:$O$22,0))+IF(AND(C28="Fait",D28="Envoyé"),0.2,0))} -> 0 | H28: Trimestre 3 | I28: =IF(AND(F17="Complété", F18="Complété", F19="Complété", N17="Complété", N18="Complété", N19="Complété", T17="Complété", T18="Complété", T19="Complété"), "Prêt", "Pas prêt") -> Pas prêt | J28: À faire | K28: À faire | L28: À faire | M28: =IF((IF(I28="Prêt",1,0) + IF(J28="Envoyé",1,0) + IF(K28="Envoyé",1,0) + IF(L28="Envoyé",1,0)) = 4, "Complété", (IF(I28="Prêt",1,0) + IF(J28="Envoyé",1,0) + IF(K28="Envoyé",1,0) + IF(L28="Envoyé",1,0)) * 25/100) -> 0
B29: Avril | C29: À faire | D29: À faire | E29: À faire | F29: {=IF(AND(C29="Fait",D29="Envoyé",E29="Envoyé"),"Complété",INDEX(BD!$P$17:P$22,MATCH(C29,BD!$O$17:$O$22,0))+IF(AND(C29="Fait",D29="Envoyé"),0.2,0))} -> 0 | H29: Trimestre 4 | I29: =IF(AND(F20="Complété", F21="Complété", F22="Complété", N20="Complété", N21="Complété", N22="Complété", T20="Complété", T21="Complété", T22="Complété"), "Prêt", "Pas prêt") -> Pas prêt | J29: À faire | K29: À faire | L29: À faire | M29: =IF((IF(I29="Prêt",1,0) + IF(J29="Envoyé",1,0) + IF(K29="Envoyé",1,0) + IF(L29="Envoyé",1,0)) = 4, "Complété", (IF(I29="Prêt",1,0) + IF(J29="Envoyé",1,0) + IF(K29="Envoyé",1,0) + IF(L29="Envoyé",1,0)) * 25/100) -> 0
B30: Mai | C30: À faire | D30: À faire | E30: À faire | F30: {=IF(AND(C30="Fait",D30="Envoyé",E30="Envoyé"),"Complété",INDEX(BD!$P$17:P$22,MATCH(C30,BD!$O$17:$O$22,0))+IF(AND(C30="Fait",D30="Envoyé"),0.2,0))} -> 0
B31: Juin | C31: À faire | D31: À faire | E31: À faire | F31: {=IF(AND(C31="Fait",D31="Envoyé",E31="Envoyé"),"Complété",INDEX(BD!$P$17:P$22,MATCH(C31,BD!$O$17:$O$22,0))+IF(AND(C31="Fait",D31="Envoyé"),0.2,0))} -> 0
B32: Juillet | C32: À faire | D32: À faire | E32: À faire | F32: {=IF(AND(C32="Fait",D32="Envoyé",E32="Envoyé"),"Complété",INDEX(BD!$P$17:P$22,MATCH(C32,BD!$O$17:$O$22,0))+IF(AND(C32="Fait",D32="Envoyé"),0.2,0))} -> 0
B33: Août | C33: À faire | D33: À faire | E33: À faire | F33: {=IF(AND(C33="Fait",D33="Envoyé",E33="Envoyé"),"Complété",INDEX(BD!$P$17:P$22,MATCH(C33,BD!$O$17:$O$22,0))+IF(AND(C33="Fait",D33="Envoyé"),0.2,0))} -> 0
B34: Septembre | C34: À faire | D34: À faire | E34: À faire | F34: {=IF(AND(C34="Fait",D34="Envoyé",E34="Envoyé"),"Complété",INDEX(BD!$P$17:P$22,MATCH(C34,BD!$O$17:$O$22,0))+IF(AND(C34="Fait",D34="Envoyé"),0.2,0))} -> 0
B35: Octobre | C35: À faire | D35: À faire | E35: À faire | F35: {=IF(AND(C35="Fait",D35="Envoyé",E35="Envoyé"),"Complété",INDEX(BD!$P$17:P$22,MATCH(C35,BD!$O$17:$O$22,0))+IF(AND(C35="Fait",D35="Envoyé"),0.2,0))} -> 0
B36: Novembre | C36: À faire | D36: À faire | E36: À faire | F36: {=IF(AND(C36="Fait",D36="Envoyé",E36="Envoyé"),"Complété",INDEX(BD!$P$17:P$22,MATCH(C36,BD!$O$17:$O$22,0))+IF(AND(C36="Fait",D36="Envoyé"),0.2,0))} -> 0
B37: Décembre | C37: À faire | D37: À faire | E37: À faire | F37: {=IF(AND(C37="Fait",D37="Envoyé",E37="Envoyé"),"Complété",INDEX(BD!$P$17:P$22,MATCH(C37,BD!$O$17:$O$22,0))+IF(AND(C37="Fait",D37="Envoyé"),0.2,0))} -> 0

Sheet CLIENT 2
B2: Nom Client : | C2: {=RIGHT(CELL("nomfichier",A1),LEN(CELL("nomfichier",A1))-FIND("]",CELL("nomfichier",A1)))} -> #VALUE! | P2: QuickBook
B3: Entreprise : | C3: XXXXX
B4: Description : | C4: XXXXX
P6: Mise à jour : | S6: 45162
B9: Entrée de données | H9: Relevés Bancaires | P9: Rapprochement
B10: Mois | C10: Ventes | D10: Dépenses | E10: Courriel | F10: Status | H10: Mois | I10: Chèque | J10: Carte Crédit | K10: Marge Crédit | L10: Autre 1 | M10: Autres 2 | N10: Status | P10: Mois | Q10: Ventes | R10: Dépenses | S10: Courriel | T10: Status
B11: Janvier | C11: À faire | D11: À faire | F11: {=IF(AND(C11="Fait", D11="Fait"), "Complété", INDEX(BD!$G$4:$L$9, MATCH(C11, BD!$F$4:$F$9, 0), MATCH(D11, BD!$G$3:$L$3, 0) ))} -> 0 | H11: Janvier | I11: FALSE | J11: FALSE | K11: FALSE | L11: FALSE | M11: FALSE | N11: =IF(SUM(I11+ J11+ K11+ L11+ M11) * 20 = 100, "Complété", SUM(I11+ J11+ K11+ L11+ M11) * 20 /100) -> 0 | P11: Janvier | Q11: À faire | R11: À faire | T11: {=IF(AND(Q11="Fait", R11="Fait"), "Complété", INDEX(BD!$G$4:$L$9, MATCH(Q11, BD!$F$4:$F$9, 0), MATCH(R11, BD!$G$3:$L$3, 0) ))} -> 0
B12: Février | C12: À faire | D12: À faire | F12: {=IF(AND(C12="Fait", D12="Fait"), "Complété", INDEX(BD!$G$4:$L$9, MATCH(C12, BD!$F$4:$F$9, 0), MATCH(D12, BD!$G$3:$L$3, 0) ))} -> 0 | H12: Février | I12: FALSE | J12: FALSE | K12: FALSE | L12: FALSE | M12: FALSE | N12: =IF(SUM(I12+ J12+ K12+ L12+ M12) * 20 = 100, "Complété", SUM(I12+ J12+ K12+ L12+ M12) * 20 /100) -> 0 | P12: Février | Q12: À faire | R12: À faire | T12: {=IF(AND(Q12="Fait", R12="Fait"), "Complété", INDEX(BD!$G$4:$L$9, MATCH(Q12, BD!$F$4:$F$9, 0), MATCH(R12, BD!$G$3:$L$3, 0) ))} -> 0
B13: Mars | C13: À faire | D13: À faire | F13: {=IF(AND(C13="Fait", D13="Fait"), "Complété", INDEX(BD!$G$4:$L$9, MATCH(C13, BD!$F$4:$F$9, 0), MATCH(D13, BD!$G$3:$L$3, 0) ))} -> 0 | H13: Mars | I13: FALSE | J13: FALSE | K13: FALSE | L13: FALSE | M13: FALSE | N13: =IF(SUM(I13+ J13+ K13+ L13+ M13) * 20 = 100, "Complété", SUM(I13+ J13+ K13+ L13+ M13) * 20 /100) -> 0 | P13: Mars | Q13: À faire | R13: À faire | T13: {=IF(AND(Q13="Fait", R13="Fait"), "Complété", INDEX(BD!$G$4:$L$9, MATCH(Q13, BD!$F$4:$F$9, 0), MATCH(R13, BD!$G$3:$L$3, 0) ))} -> 0
B14: Avril | C14: À faire | D14: À faire | F14: {=IF(AND(C14="Fait", D14="Fait"), "Complété", INDEX(BD!$G$4:$L$9, MATCH(C14, BD!$F$4:$F$9, 0), MATCH(D14, BD!$G$3:$L$3, 0) ))} -> 0 | H14: Avril | I14: FALSE | J14: FALSE | K14: FALSE | L14: FALSE | M14: FALSE | N14: =IF(SUM(I14+ J14+ K14+ L14+ M14) * 20 = 100, "Complété", SUM(I14+ J14+ K14+ L14+ M14) * 20 /100) -> 0 | P14: Avril | Q14: À faire | R14: À faire | T14: {=IF(AND(Q14="Fait", R14="Fait"), "Complété", INDEX(BD!$G$4:$L$9, MATCH(Q14, BD!$F$4:$F$9, 0), MATCH(R14, BD!$G$3:$L$3, 0) ))} -> 0
B15: Mai | C15: À faire | D15: À faire | F15: {=IF(AND(C15="Fait", D15="Fait"), "Complété", INDEX(BD!$G$4:$L$9, MATCH(C15, BD!$F$4:$F$9, 0), MATCH(D15, BD!$G$3:$L$3, 0) ))} -> 0 | H15: Mai | I15: FALSE | J15: FALSE | K15: FALSE | L15: FALSE | M15: FALSE | N15: =IF(SUM(I15+ J15+ K15+ L15+ M15) * 20 = 100, "Complété", SUM(I15+ J15+ K15+ L15+ M15) * 20 /100) -> 0 | P15: Mai | Q15: À faire | R15: À faire | T15: {=IF(AND(Q15="Fait", R15="Fait"), "Complété", INDEX(BD!$G$4:$L$9, MATCH(Q15, BD!$F$4:$F$9, 0), MATCH(R15, BD!$G$3:$L$3, 0) ))} -> 0
B16: Juin | C16: À faire | D16: À faire | F16: {=IF(AND(C16="Fait", D16="Fait"), "Complété", INDEX(BD!$G$4:$L$9, MATCH(C16, BD!$F$4:$F$9, 0), MATCH(D16, BD!$G$3:$L$3, 0) ))} -> 0 | H16: Juin | I16: FALSE | J16: FALSE | K16: FALSE | L16: FALSE | M16: FALSE | N16: =IF(SUM(I16+ J16+ K16+ L16+ M16) * 20 = 100, "Complété", SUM(I16+ J16+ K16+ L16+ M16) * 20 /100) -> 0 | P16: Juin | Q16: À faire | R16: À faire | T16: {=IF(AND(Q16="Fait", R16="Fait"), "Complété", INDEX(BD!$G$4:$L$9, MATCH(Q16, BD!$F$4:$F$9, 0), MATCH(R16, BD!$G$3:$L$3, 0) ))} -> 0
B17: Juillet | C17: À faire | D17: À faire | F17: {=IF(AND(C17="Fait", D17="Fait"), "Complété", INDEX(BD!$G$4:$L$9, MATCH(C17, BD!$F$4:$F$9, 0), MATCH(D17, BD!$G$3:$L$3, 0) ))} -> 0 | H17: Juillet | I17: FALSE | J17: FALSE | K17: FALSE | L17: FALSE | M17: FALSE | N17: =IF(SUM(I17+ J17+ K17+ L17+ M17) * 20 = 100, "Complété", SUM(I17+ J17+ K17+ L17+ M17) * 20 /100) -> 0 | P17: Juillet | Q17: À faire | R17: À faire | T17: {=IF(AND(Q17="Fait", R17="Fait"), "Complété", INDEX(BD!$G$4:$L$9, MATCH(Q17, BD!$F$4:$F$9, 0), MATCH(R17, BD!$G$3:$L$3, 0) ))} -> 0
B18: Août | C18: À faire | D18: À faire | F18: {=IF(AND(C18="Fait", D18="Fait"), "Complété", INDEX(BD!$G$4:$L$9, MATCH(C18, BD!$F$4:$F$9, 0), MATCH(D18, BD!$G$3:$L$3, 0) ))} -> 0 | H18: Août | I18: FALSE | J18: FALSE | K18: FALSE | L18: FALSE | M18: FALSE | N18: =IF(SUM(I18+ J18+ K18+ L18+ M18) * 20 = 100, "Complété", SUM(I18+ J18+ K18+ L18+ M18) * 20 /100) -> 0 | P18: Août | Q18: À faire | R18: À faire | T18: {=IF(AND(Q18="Fait", R18="Fait"), "Complété", INDEX(BD!$G$4:$L$9, MATCH(Q18, BD!$F$4:$F$9, 0), MATCH(R18, BD!$G$3:$L$3, 0) ))} -> 0
B19: Septembre | C19: À faire | D19: À faire | F19: {=IF(AND(C19="Fait", D19="Fait"), "Complété", INDEX(BD!$G$4:$L$9, MATCH(C19, BD!$F$4:$F$9, 0), MATCH(D19, BD!$G$3:$L$3, 0) ))} -> 0 | H19: Septembre | I19: FALSE | J19: FALSE | K19: FALSE | L19: FALSE | M19: FALSE | N19: =IF(SUM(I19+ J19+ K19+ L19+ M19) * 20 = 100, "Complété", SUM(I19+ J19+ K19+ L19+ M19) * 20 /100) -> 0 | P19: Septembre | Q19: À faire | R19: À faire | T19: {=IF(AND(Q19="Fait", R19="Fait"), "Complété", INDEX(BD!$G$4:$L$9, MATCH(Q19, BD!$F$4:$F$9, 0), MATCH(R19, BD!$G$3:$L$3, 0) ))} -> 0
B20: Octobre | C20: À faire | D20: À faire | F20: {=IF(AND(C20="Fait", D20="Fait"), "Complété", INDEX(BD!$G$4:$L$9, MATCH(C20, BD!$F$4:$F$9, 0), MATCH(D20, BD!$G$3:$L$3, 0) ))} -> 0 | H20: Octobre | I20: FALSE | J20: FALSE | K20: FALSE | L20: FALSE | M20: FALSE | N20: =IF(SUM(I20+ J20+ K20+ L20+ M20) * 20 = 100, "Complété", SUM(I20+ J20+ K20+ L20+ M20) * 20 /100) -> 0 | P20: Octobre | Q20: À faire | R20: À faire | T20: {=IF(AND(Q20="Fait", R20="Fait"), "Complété", INDEX(BD!$G$4:$L$9, MATCH(Q20, BD!$F$4:$F$9, 0), MATCH(R20, BD!$G$3:$L$3, 0) ))} -> 0
B21: Novembre | C21: À faire | D21: À faire | F21: {=IF(AND(C21="Fait", D21="Fait"), "Complété", INDEX(BD!$G$4:$L$9, MATCH(C21, BD!$F$4:$F$9, 0), MATCH(D21, BD!$G$3:$L$3, 0) ))} -> 0 | H21: Novembre | I21: FALSE | J21: FALSE | K21: FALSE | L21: FALSE | M21: FALSE | N21: =IF(SUM(I21+ J21+ K21+ L21+ M21) * 20 = 100, "Complété", SUM(I21+ J21+ K21+ L21+ M21) * 20 /100) -> 0 | P21: Novembre | Q21: À faire | R21: À faire | T21: {=IF(AND(Q21="Fait", R21="Fait"), "Complété", INDEX(BD!$G$4:$L$9, MATCH(Q21, BD!$F$4:$F$9, 0), MATCH(R21, BD!$G$3:$L$3, 0) ))} -> 0
B22: Décembre | C22: À faire | D22: À faire | F22: {=IF(AND(C22="Fait", D22="Fait"), "Complété", INDEX(BD!$G$4:$L$9, MATCH(C22, BD!$F$4:$F$9, 0), MATCH(D22, BD!$G$3:$L$3, 0) ))} -> 0 | H22: Décembre | I22: FALSE | J22: FALSE | K22: FALSE | L22: FALSE | M22: FALSE | N22: =IF(SUM(I22+ J22+ K22+ L22+ M22) * 20 = 100, "Complété", SUM(I22+ J22+ K22+ L22+ M22) * 20 /100) -> 0 | P22: Décembre | Q22: À faire | R22: À faire | T22: {=IF(AND(Q22="Fait", R22="Fait"), "Complété", INDEX(BD!$G$4:$L$9, MATCH(Q22, BD!$F$4:$F$9, 0), MATCH(R22, BD!$G$3:$L$3, 0) ))} -> 0
B24: DAS | H24: Rapport TPS/TVQ
B25: Mois | C25: Données | D25: R-QC | E25: Courriel | F25: Status | H25: Mois | I25: Données | J25: Asana | K25: R-QC | L25: Client | M25: Status
B26: Janvier | C26: À faire | D26: À faire | E26: À faire | F26: {=IF(AND(C26="Fait",D26="Envoyé",E26="Envoyé"),"Complété",INDEX(BD!$P$17:P$22,MATCH(C26,BD!$O$17:$O$22,0))+IF(AND(C26="Fait",D26="Envoyé"),0.2,0))} -> 0 | H26: Trimestre 1 | I26: =IF(AND(F11="Complété", F12="Complété", F13="Complété", N11="Complété", N12="Complété", N13="Complété", T11="Complété", T12="Complété", T13="Complété"), "Prêt", "Pas prêt") -> Pas prêt | J26: À faire | K26: À faire | L26: À faire | M26: =IF((IF(I26="Prêt",1,0) + IF(J26="Envoyé",1,0) + IF(K26="Envoyé",1,0) + IF(L26="Envoyé",1,0)) = 4, "Complété", (IF(I26="Prêt",1,0) + IF(J26="Envoyé",1,0) + IF(K26="Envoyé",1,0) + IF(L26="Envoyé",1,0)) * 25/100) -> 0
B27: Février | C27: À faire | D27: À faire | E27: À faire | F27: {=IF(AND(C27="Fait",D27="Envoyé",E27="Envoyé"),"Complété",INDEX(BD!$P$17:P$22,MATCH(C27,BD!$O$17:$O$22,0))+IF(AND(C27="Fait",D27="Envoyé"),0.2,0))} -> 0 | H27: Trimestre 2 | I27: =IF(AND(F14="Complété", F15="Complété", F16="Complété", N14="Complété", N15="Complété", N16="Complété", T14="Complété", T15="Complété", T16="Complété"), "Prêt", "Pas prêt") -> Pas prêt | J27: À faire | K27: À faire | L27: À faire | M27: =IF((IF(I27="Prêt",1,0) + IF(J27="Envoyé",1,0) + IF(K27="Envoyé",1,0) + IF(L27="Envoyé",1,0)) = 4, "Complété", (IF(I27="Prêt",1,0) + IF(J27="Envoyé",1,0) + IF(K27="Envoyé",1,0) + IF(L27="Envoyé",1,0)) * 25/100) -> 0
B28: Mars | C28: À faire | D28: À faire | E28: À faire | F28: {=IF(AND(C28="Fait",D28="Envoyé",E28="Envoyé"),"Complété",INDEX(BD!$P$17:P$22,MATCH(C28,BD!$O$17:$O$22,0))+IF(AND(C28="Fait",D28="Envoyé"),0.2,0))} -> 0 | H28: Trimestre 3 | I28: =IF(AND(F17="Complété", F18="Complété", F19="Complété", N17="Complété", N18="Complété", N19="Complété", T17="Complété", T18="Complété", T19="Complété"), "Prêt", "Pas prêt") -> Pas prêt | J28: À faire | K28: À faire | L28: À faire | M28: =IF((IF(I28="Prêt",1,0) + IF(J28="Envoyé",1,0) + IF(K28="Envoyé",1,0) + IF(L28="Envoyé",1,0)) = 4, "Complété", (IF(I28="Prêt",1,0) + IF(J28="Envoyé",1,0) + IF(K28="Envoyé",1,0) + IF(L28="Envoyé",1,0)) * 25/100) -> 0
B29: Avril | C29: À faire | D29: À faire | E29: À faire | F29: {=IF(AND(C29="Fait",D29="Envoyé",E29="Envoyé"),"Complété",INDEX(BD!$P$17:P$22,MATCH(C29,BD!$O$17:$O$22,0))+IF(AND(C29="Fait",D29="Envoyé"),0.2,0))} -> 0 | H29: Trimestre 4 | I29: =IF(AND(F20="Complété", F21="Complété", F22="Complété", N20="Complété", N21="Complété", N22="Complété", T20="Complété", T21="Complété", T22="Complété"), "Prêt", "Pas prêt") -> Pas prêt | J29: À faire | K29: À faire | L29: À faire | M29: =IF((IF(I29="Prêt",1,0) + IF(J29="Envoyé",1,0) + IF(K29="Envoyé",1,0) + IF(L29="Envoyé",1,0)) = 4, "Complété", (IF(I29="Prêt",1,0) + IF(J29="Envoyé",1,0) + IF(K29="Envoyé",1,0) + IF(L29="Envoyé",1,0)) * 25/100) -> 0
B30: Mai | C30: À faire | D30: À faire | E30: À faire | F30: {=IF(AND(C30="Fait",D30="Envoyé",E30="Envoyé"),"Complété",INDEX(BD!$P$17:P$22,MATCH(C30,BD!$O$17:$O$22,0))+IF(AND(C30="Fait",D30="Envoyé"),0.2,0))} -> 0
B31: Juin | C31: À faire | D31: À faire | E31: À faire | F31: {=IF(AND(C31="Fait",D31="Envoyé",E31="Envoyé"),"Complété",INDEX(BD!$P$17:P$22,MATCH(C31,BD!$O$17:$O$22,0))+IF(AND(C31="Fait",D31="Envoyé"),0.2,0))} -> 0
B32: Juillet | C32: À faire | D32: À faire | E32: À faire | F32: {=IF(AND(C32="Fait",D32="Envoyé",E32="Envoyé"),"Complété",INDEX(BD!$P$17:P$22,MATCH(C32,BD!$O$17:$O$22,0))+IF(AND(C32="Fait",D32="Envoyé"),0.2,0))} -> 0
B33: Août | C33: À faire | D33: À faire | E33: À faire | F33: {=IF(AND(C33="Fait",D33="Envoyé",E33="Envoyé"),"Complété",INDEX(BD!$P$17:P$22,MATCH(C33,BD!$O$17:$O$22,0))+IF(AND(C33="Fait",D33="Envoyé"),0.2,0))} -> 0
B34: Septembre | C34: À faire | D34: À faire | E34: À faire | F34: {=IF(AND(C34="Fait",D34="Envoyé",E34="Envoyé"),"Complété",INDEX(BD!$P$17:P$22,MATCH(C34,BD!$O$17:$O$22,0))+IF(AND(C34="Fait",D34="Envoyé"),0.2,0))} -> 0
B35: Octobre | C35: À faire | D35: À faire | E35: À faire | F35: {=IF(AND(C35="Fait",D35="Envoyé",E35="Envoyé"),"Complété",INDEX(BD!$P$17:P$22,MATCH(C35,BD!$O$17:$O$22,0))+IF(AND(C35="Fait",D35="Envoyé"),0.2,0))} -> 0
B36: Novembre | C36: À faire | D36: À faire | E36: À faire | F36: {=IF(AND(C36="Fait",D36="Envoyé",E36="Envoyé"),"Complété",INDEX(BD!$P$17:P$22,MATCH(C36,BD!$O$17:$O$22,0))+IF(AND(C36="Fait",D36="Envoyé"),0.2,0))} -> 0
B37: Décembre | C37: À faire | D37: À faire | E37: À faire | F37: {=IF(AND(C37="Fait",D37="Envoyé",E37="Envoyé"),"Complété",INDEX(BD!$P$17:P$22,MATCH(C37,BD!$O$17:$O$22,0))+IF(AND(C37="Fait",D37="Envoyé"),0.2,0))} -> 0

Sheet CLIENT 3
B2: Nom Client : | C2: {=RIGHT(CELL("nomfichier",A1),LEN(CELL("nomfichier",A1))-FIND("]",CELL("nomfichier",A1)))} -> #VALUE! | P2: QuickBook
B3: Entreprise : | C3: XXXXX
B4: Description : | C4: XXXXX
P6: Mise à jour : | S6: 45162
B9: Entrée de données | H9: Relevés Bancaires | P9: Rapprochement
B10: Mois | C10: Ventes | D10: Dépenses | E10: Courriel | F10: Status | H10: Mois | I10: Chèque | J10: Carte Crédit | K10: Marge Crédit | L10: Autre 1 | M10: Autres 2 | N10: Status | P10: Mois | Q10: Ventes | R10: Dépenses | S10: Courriel | T10: Status
B11: Janvier | C11: À faire | D11: À faire | F11: {=IF(AND(C11="Fait", D11="Fait"), "Complété", INDEX(BD!$G$4:$L$9, MATCH(C11, BD!$F$4:$F$9, 0), MATCH(D11, BD!$G$3:$L$3, 0) ))} -> 0 | H11: Janvier | I11: FALSE | J11: FALSE | K11: FALSE | L11: FALSE | M11: FALSE | N11: =IF(SUM(I11+ J11+ K11+ L11+ M11) * 20 = 100, "Complété", SUM(I11+ J11+ K11+ L11+ M11) * 20 /100) -> 0 | P11: Janvier | Q11: À faire | R11: À faire | T11: {=IF(AND(Q11="Fait", R11="Fait"), "Complété", INDEX(BD!$G$4:$L$9, MATCH(Q11, BD!$F$4:$F$9, 0), MATCH(R11, BD!$G$3:$L$3, 0) ))} -> 0
B12: Février | C12: À faire | D12: À faire | F12: {=IF(AND(C12="Fait", D12="Fait"), "Complété", INDEX(BD!$G$4:$L$9, MATCH(C12, BD!$F$4:$F$9, 0), MATCH(D12, BD!$G$3:$L$3, 0) ))} -> 0 | H12: Février | I12: FALSE | J12: FALSE | K12: FALSE | L12: FALSE | M12: FALSE | N12: =IF(SUM(I12+ J12+ K12+ L12+ M12) * 20 = 100, "Complété", SUM(I12+ J12+ K12+ L12+ M12) * 20 /100) -> 0 | P12: Février | Q12: À faire | R12: À faire | T12: {=IF(AND(Q12="Fait", R12="Fait"), "Complété", INDEX(BD!$G$4:$L$9, MATCH(Q12, BD!$F$4:$F$9, 0), MATCH(R12, BD!$G$3:$L$3, 0) ))} -> 0
B13: Mars | C13: À faire | D13: À faire | F13: {=IF(AND(C13="Fait", D13="Fait"), "Complété", INDEX(BD!$G$4:$L$9, MATCH(C13, BD!$F$4:$F$9, 0), MATCH(D13, BD!$G$3:$L$3, 0) ))} -> 0 | H13: Mars | I13: FALSE | J13: FALSE | K13: FALSE | L13: FALSE | M13: FALSE | N13: =IF(SUM(I13+ J13+ K13+ L13+ M13) * 20 = 100, "Complété", SUM(I13+ J13+ K13+ L13+ M13) * 20 /100) -> 0 | P13: Mars | Q13: À faire | R13: À faire | T13: {=IF(AND(Q13="Fait", R13="Fait"), "Complété", INDEX(BD!$G$4:$L$9, MATCH(Q13, BD!$F$4:$F$9, 0), MATCH(R13, BD!$G$3:$L$3, 0) ))} -> 0
B14: Avril | C14: À faire | D14: À faire | F14: {=IF(AND(C14="Fait", D14="Fait"), "Complété", INDEX(BD!$G$4:$L$9, MATCH(C14, BD!$F$4:$F$9, 0), MATCH(D14, BD!$G$3:$L$3, 0) ))} -> 0 | H14: Avril | I14: FALSE | J14: FALSE | K14: FALSE | L14: FALSE | M14: FALSE | N14: =IF(SUM(I14+ J14+ K14+ L14+ M14) * 20 = 100, "Complété", SUM(I14+ J14+ K14+ L14+ M14) * 20 /100) -> 0 | P14: Avril | Q14: À faire | R14: À faire | T14: {=IF(AND(Q14="Fait", R14="Fait"), "Complété", INDEX(BD!$G$4:$L$9, MATCH(Q14, BD!$F$4:$F$9, 0), MATCH(R14, BD!$G$3:$L$3, 0) ))} -> 0
B15: Mai | C15: À faire | D15: À faire | F15: {=IF(AND(C15="Fait", D15="Fait"), "Complété", INDEX(BD!$G$4:$L$9, MATCH(C15, BD!$F$4:$F$9, 0), MATCH(D15, BD!$G$3:$L$3, 0) ))} -> 0 | H15: Mai | I15: FALSE | J15: FALSE | K15: FALSE | L15: FALSE | M15: FALSE | N15: =IF(SUM(I15+ J15+ K15+ L15+ M15) * 20 = 100, "Complété", SUM(I15+ J15+ K15+ L15+ M15) * 20 /100) -> 0 | P15: Mai | Q15: À faire | R15: À faire | T15: {=IF(AND(Q15="Fait", R15="Fait"), "Complété", INDEX(BD!$G$4:$L$9, MATCH(Q15, BD!$F$4:$F$9, 0), MATCH(R15, BD!$G$3:$L$3, 0) ))} -> 0
B16: Juin | C16: À faire | D16: À faire | F16: {=IF(AND(C16="Fait", D16="Fait"), "Complété", INDEX(BD!$G$4:$L$9, MATCH(C16, BD!$F$4:$F$9, 0), MATCH(D16, BD!$G$3:$L$3, 0) ))} -> 0 | H16: Juin | I16: FALSE | J16: FALSE | K16: FALSE | L16: FALSE | M16: FALSE | N16: =IF(SUM(I16+ J16+ K16+ L16+ M16) * 20 = 100, "Complété", SUM(I16+ J16+ K16+ L16+ M16) * 20 /100) -> 0 | P16: Juin | Q16: À faire | R16: À faire | T16: {=IF(AND(Q16="Fait", R16="Fait"), "Complété", INDEX(BD!$G$4:$L$9, MATCH(Q16, BD!$F$4:$F$9, 0), MATCH(R16, BD!$G$3:$L$3, 0) ))} -> 0
B17: Juillet | C17: À faire | D17: À faire | F17: {=IF(AND(C17="Fait", D17="Fait"), "Complété", INDEX(BD!$G$4:$L$9, MATCH(C17, BD!$F$4:$F$9, 0), MATCH(D17, BD!$G$3:$L$3, 0) ))} -> 0 | H17: Juillet | I17: FALSE | J17: FALSE | K17: FALSE | L17: FALSE | M17: FALSE | N17: =IF(SUM(I17+ J17+ K17+ L17+ M17) * 20 = 100, "Complété", SUM(I17+ J17+ K17+ L17+ M17) * 20 /100) -> 0 | P17: Juillet | Q17: À faire | R17: À faire | T17: {=IF(AND(Q17="Fait", R17="Fait"), "Complété", INDEX(BD!$G$4:$L$9, MATCH(Q17, BD!$F$4:$F$9, 0), MATCH(R17, BD!$G$3:$L$3, 0) ))} -> 0
B18: Août | C18: À faire | D18: À faire | F18: {=IF(AND(C18="Fait", D18="Fait"), "Complété", INDEX(BD!$G$4:$L$9, MATCH(C18, BD!$F$4:$F$9, 0), MATCH(D18, BD!$G$3:$L$3, 0) ))} -> 0 | H18: Août | I18: FALSE | J18: FALSE | K18: FALSE | L18: FALSE | M18: FALSE | N18: =IF(SUM(I18+ J18+ K18+ L18+ M18) * 20 = 100, "Complété", SUM(I18+ J18+ K18+ L18+ M18) * 20 /100) -> 0 | P18: Août | Q18: À faire | R18: À faire | T18: {=IF(AND(Q18="Fait", R18="Fait"), "Complété", INDEX(BD!$G$4:$L$9, MATCH(Q18, BD!$F$4:$F$9, 0), MATCH(R18, BD!$G$3:$L$3, 0) ))} -> 0
B19: Septembre | C19: À faire | D19: À faire | F19: {=IF(AND(C19="Fait", D19="Fait"), "Complété", INDEX(BD!$G$4:$L$9, MATCH(C19, BD!$F$4:$F$9, 0), MATCH(D19, BD!$G$3:$L$3, 0) ))} -> 0 | H19: Septembre | I19: FALSE | J19: FALSE | K19: FALSE | L19: FALSE | M19: FALSE | N19: =IF(SUM(I19+ J19+ K19+ L19+ M19) * 20 = 100, "Complété", SUM(I19+ J19+ K19+ L19+ M19) * 20 /100) -> 0 | P19: Septembre | Q19: À faire | R19: À faire | T19: {=IF(AND(Q19="Fait", R19="Fait"), "Complété", INDEX(BD!$G$4:$L$9, MATCH(Q19, BD!$F$4:$F$9, 0), MATCH(R19, BD!$G$3:$L$3, 0) ))} -> 0
B20: Octobre | C20: À faire | D20: À faire | F20: {=IF(AND(C20="Fait", D20="Fait"), "Complété", INDEX(BD!$G$4:$L$9, MATCH(C20, BD!$F$4:$F$9, 0), MATCH(D20, BD!$G$3:$L$3, 0) ))} -> 0 | H20: Octobre | I20: FALSE | J20: FALSE | K20: FALSE | L20: FALSE | M20: FALSE | N20: =IF(SUM(I20+ J20+ K20+ L20+ M20) * 20 = 100, "Complété", SUM(I20+ J20+ K20+ L20+ M20) * 20 /100) -> 0 | P20: Octobre | Q20: À faire | R20: À faire | T20: {=IF(AND(Q20="Fait", R20="Fait"), "Complété", INDEX(BD!$G$4:$L$9, MATCH(Q20, BD!$F$4:$F$9, 0), MATCH(R20, BD!$G$3:$L$3, 0) ))} -> 0
B21: Novembre | C21: À faire | D21: À faire | F21: {=IF(AND(C21="Fait", D21="Fait"), "Complété", INDEX(BD!$G$4:$L$9, MATCH(C21, BD!$F$4:$F$9, 0), MATCH(D21, BD!$G$3:$L$3, 0) ))} -> 0 | H21: Novembre | I21: FALSE | J21: FALSE | K21: FALSE | L21: FALSE | M21: FALSE | N21: =IF(SUM(I21+ J21+ K21+ L21+ M21) * 20 = 100, "Complété", SUM(I21+ J21+ K21+ L21+ M21) * 20 /100) -> 0 | P21: Novembre | Q21: À faire | R21: À faire | T21: {=IF(AND(Q21="Fait", R21="Fait"), "Complété", INDEX(BD!$G$4:$L$9, MATCH(Q21, BD!$F$4:$F$9, 0), MATCH(R21, BD!$G$3:$L$3, 0) ))} -> 0
B22: Décembre | C22: À faire | D22: À faire | F22: {=IF(AND(C22="Fait", D22="Fait"), "Complété", INDEX(BD!$G$4:$L$9, MATCH(C22, BD!$F$4:$F$9, 0), MATCH(D22, BD!$G$3:$L$3, 0) ))} -> 0 | H22: Décembre | I22: FALSE | J22: FALSE | K22: FALSE | L22: FALSE | M22: FALSE | N22: =IF(SUM(I22+ J22+ K22+ L22+ M22) * 20 = 100, "Complété", SUM(I22+ J22+ K22+ L22+ M22) * 20 /100) -> 0 | P22: Décembre | Q22: À faire | R22: À faire | T22: {=IF(AND(Q22="Fait", R22="Fait"), "Complété", INDEX(BD!$G$4:$L$9, MATCH(Q22, BD!$F$4:$F$9, 0), MATCH(R22, BD!$G$3:$L$3, 0) ))} -> 0
B24: DAS | H24: Rapport TPS/TVQ
B25: Mois | C25: Données | D25: R-QC | E25: Courriel | F25: Status | H25: Mois | I25: Données | J25: Asana | K25: R-QC | L25: Client | M25: Status
B26: Janvier | C26: À faire | D26: À faire | E26: À faire | F26: {=IF(AND(C26="Fait",D26="Envoyé",E26="Envoyé"),"Complété",INDEX(BD!$P$17:P$22,MATCH(C26,BD!$O$17:$O$22,0))+IF(AND(C26="Fait",D26="Envoyé"),0.2,0))} -> 0 | H26: Trimestre 1 | I26: =IF(AND(F11="Complété", F12="Complété", F13="Complété", N11="Complété", N12="Complété", N13="Complété", T11="Complété", T12="Complété", T13="Complété"), "Prêt", "Pas prêt") -> Pas prêt | J26: À faire | K26: À faire | L26: À faire | M26: =IF((IF(I26="Prêt",1,0) + IF(J26="Envoyé",1,0) + IF(K26="Envoyé",1,0) + IF(L26="Envoyé",1,0)) = 4, "Complété", (IF(I26="Prêt",1,0) + IF(J26="Envoyé",1,0) + IF(K26="Envoyé",1,0) + IF(L26="Envoyé",1,0)) * 25/100) -> 0
B27: Février | C27: À faire | D27: À faire | E27: À faire | F27: {=IF(AND(C27="Fait",D27="Envoyé",E27="Envoyé"),"Complété",INDEX(BD!$P$17:P$22,MATCH(C27,BD!$O$17:$O$22,0))+IF(AND(C27="Fait",D27="Envoyé"),0.2,0))} -> 0 | H27: Trimestre 2 | I27: =IF(AND(F14="Complété", F15="Complété", F16="Complété", N14="Complété", N15="Complété", N16="Complété", T14="Complété", T15="Complété", T16="Complété"), "Prêt", "Pas prêt") -> Pas prêt | J27: À faire | K27: À faire | L27: À faire | M27: =IF((IF(I27="Prêt",1,0) + IF(J27="Envoyé",1,0) + IF(K27="Envoyé",1,0) + IF(L27="Envoyé",1,0)) = 4, "Complété", (IF(I27="Prêt",1,0) + IF(J27="Envoyé",1,0) + IF(K27="Envoyé",1,0) + IF(L27="Envoyé",1,0)) * 25/100) -> 0
B28: Mars | C28: À faire | D28: À faire | E28: À faire | F28: {=IF(AND(C28="Fait",D28="Envoyé",E28="Envoyé"),"Complété",INDEX(BD!$P$17:P$22,MATCH(C28,BD!$O$17:$O$22,0))+IF(AND(C28="Fait",D28="Envoyé"),0.2,0))} -> 0 | H28: Trimestre 3 | I28: =IF(AND(F17="Complété", F18="Complété", F19="Complété", N17="Complété", N18="Complété", N19="Complété", T17="Complété", T18="Complété", T19="Complété"), "Prêt", "Pas prêt") -> Pas prêt | J28: À faire | K28: À faire | L28: À faire | M28: =IF((IF(I28="Prêt",1,0) + IF(J28="Envoyé",1,0) + IF(K28="Envoyé",1,0) + IF(L28="Envoyé",1,0)) = 4, "Complété", (IF(I28="Prêt",1,0) + IF(J28="Envoyé",1,0) + IF(K28="Envoyé",1,0) + IF(L28="Envoyé",1,0)) * 25/100) -> 0
B29: Avril | C29: À faire | D29: À faire | E29: À faire | F29: {=IF(AND(C29="Fait",D29="Envoyé",E29="Envoyé"),"Complété",INDEX(BD!$P$17:P$22,MATCH(C29,BD!$O$17:$O$22,0))+IF(AND(C29="Fait",D29="Envoyé"),0.2,0))} -> 0 | H29: Trimestre 4 | I29: =IF(AND(F20="Complété", F21="Complété", F22="Complété", N20="Complété", N21="Complété", N22="Complété", T20="Complété", T21="Complété", T22="Complété"), "Prêt", "Pas prêt") -> Pas prêt | J29: À faire | K29: À faire | L29: À faire | M29: =IF((IF(I29="Prêt",1,0) + IF(J29="Envoyé",1,0) + IF(K29="Envoyé",1,0) + IF(L29="Envoyé",1,0)) = 4, "Complété", (IF(I29="Prêt",1,0) + IF(J29="Envoyé",1,0) + IF(K29="Envoyé",1,0) + IF(L29="Envoyé",1,0)) * 25/100) -> 0
B30: Mai | C30: À faire | D30: À faire | E30: À faire | F30: {=IF(AND(C30="Fait",D30="Envoyé",E30="Envoyé"),"Complété",INDEX(BD!$P$17:P$22,MATCH(C30,BD!$O$17:$O$22,0))+IF(AND(C30="Fait",D30="Envoyé"),0.2,0))} -> 0
B31: Juin | C31: À faire | D31: À faire | E31: À faire | F31: {=IF(AND(C31="Fait",D31="Envoyé",E31="Envoyé"),"Complété",INDEX(BD!$P$17:P$22,MATCH(C31,BD!$O$17:$O$22,0))+IF(AND(C31="Fait",D31="Envoyé"),0.2,0))} -> 0
B32: Juillet | C32: À faire | D32: À faire | E32: À faire | F32: {=IF(AND(C32="Fait",D32="Envoyé",E32="Envoyé"),"Complété",INDEX(BD!$P$17:P$22,MATCH(C32,BD!$O$17:$O$22,0))+IF(AND(C32="Fait",D32="Envoyé"),0.2,0))} -> 0
B33: Août | C33: À faire | D33: À faire | E33: À faire | F33: {=IF(AND(C33="Fait",D33="Envoyé",E33="Envoyé"),"Complété",INDEX(BD!$P$17:P$22,MATCH(C33,BD!$O$17:$O$22,0))+IF(AND(C33="Fait",D33="Envoyé"),0.2,0))} -> 0
B34: Septembre | C34: À faire | D34: À faire | E34: À faire | F34: {=IF(AND(C34="Fait",D34="Envoyé",E34="Envoyé"),"Complété",INDEX(BD!$P$17:P$22,MATCH(C34,BD!$O$17:$O$22,0))+IF(AND(C34="Fait",D34="Envoyé"),0.2,0))} -> 0
B35: Octobre | C35: À faire | D35: À faire | E35: À faire | F35: {=IF(AND(C35="Fait",D35="Envoyé",E35="Envoyé"),"Complété",INDEX(BD!$P$17:P$22,MATCH(C35,BD!$O$17:$O$22,0))+IF(AND(C35="Fait",D35="Envoyé"),0.2,0))} -> 0
B36: Novembre | C36: À faire | D36: À faire | E36: À faire | F36: {=IF(AND(C36="Fait",D36="Envoyé",E36="Envoyé"),"Complété",INDEX(BD!$P$17:P$22,MATCH(C36,BD!$O$17:$O$22,0))+IF(AND(C36="Fait",D36="Envoyé"),0.2,0))} -> 0
B37: Décembre | C37: À faire | D37: À faire | E37: À faire | F37: {=IF(AND(C37="Fait",D37="Envoyé",E37="Envoyé"),"Complété",INDEX(BD!$P$17:P$22,MATCH(C37,BD!$O$17:$O$22,0))+IF(AND(C37="Fait",D37="Envoyé"),0.2,0))} -> 0

Sheet BD
F2: Entrée de données
B3: Choix | C3: Télécharger | G3: À faire | H3: En cours | I3: Suivi à Faire | J3: En attente | K3: Suivi fait | L3: Fait
B4: À faire | C4: True | D4: 0.1 | F4: À faire | G4: 0 | H4: 0.3 | I4: 0.25 | J4: 0.2 | K4: 0.4 | L4: 0.5
B5: En cours | C5: False | D5: 0 | F5: En cours | G5: 0.3 | H5: 0.35 | I5: 0.3 | J5: 0.4 | K5: 0.45 | L5: 0.6
B6: Suivi à Faire | F6: Suivi à Faire | G6: 0.25 | H6: 0.3 | I6: 0.27 | J6: 0.3 | K6: 0.42 | L6: 0.55
B7: En attente | F7: En attente | G7: 0.2 | H7: 0.25 | I7: 0.22 | J7: 0.3 | K7: 0.4 | L7: 0.5
B8: Suivi fait | F8: Suivi fait | G8: 0.4 | H8: 0.45 | I8: 0.42 | J8: 0.4 | K8: 0.6 | L8: 0.75
B9: Fait | F9: Fait | G9: 0.5 | H9: 0.6 | I9: 0.5 | J9: 0.55 | K9: 0.75 | L9: 1
B12: Choix
B13: À faire | C13: Janvier | E13: Entrée de données | G13: Trimestre 1
B14: Envoyé | C14: Février | E14: Relever Bancaire | G14: Trimestre 2
C15: Mars | E15: Rapprochement | G15: Trimestre 3
C16: Avril | E16: DAS | G16: Trimestre 4 | P16: À faire | Q16: Envoyé
C17: Mai | E17: Rapport TPS/TVQ | O17: À faire | P17: 0 | Q17: 0.15
B18: A faire | C18: Juin | O18: En cours | P18: 0.2 | Q18: 0.25
B19: Envoyer | C19: Juillet | O19: Suivi à Faire | P19: 0.3 | Q19: 0.35
C20: Août | O20: En attente | P20: 0.4 | Q20: 0.45
C21: Septembre | O21: Suivi fait | P21: 0.5 | Q21: 0.55
C22: Octobre | O22: Fait | P22: 0.6 | Q22: 0.65
C23: Novembre
C24: Décembre
P25: A faire | Q25: Envoyé
O26: À faire | P26: 0.1 | Q26: 0.15
O27: En cours | P27: 0.2 | Q27: 0.25
O28: Suivi à Faire | P28: 0.3 | Q28: 0.35
O29: En attente | P29: 0.4 | Q29: 0.45
O30: Suivi fait | P30: 0.5 | Q30: 0.55
O31: Fait | P31: 0.6 | Q31: 0.65
